[
  {
    "model": "admin.logentry",
    "pk": 1,
    "fields": {
      "action_time": "2025-01-30T15:38:25.306Z",
      "user": 1,
      "content_type": 4,
      "object_id": "2",
      "object_repr": "jems",
      "action_flag": 1,
      "change_message": "[{\"added\": {}}]"
    }
  },
  {
    "model": "admin.logentry",
    "pk": 2,
    "fields": {
      "action_time": "2025-01-30T15:39:40.374Z",
      "user": 1,
      "content_type": 4,
      "object_id": "2",
      "object_repr": "jems",
      "action_flag": 2,
      "change_message": "[{\"changed\": {\"fields\": [\"First name\", \"Last name\", \"Email address\"]}}]"
    }
  },
  {
    "model": "admin.logentry",
    "pk": 3,
    "fields": {
      "action_time": "2025-01-30T16:40:49.515Z",
      "user": 1,
      "content_type": 13,
      "object_id": "1",
      "object_repr": "Allergy and immunology",
      "action_flag": 1,
      "change_message": "[{\"added\": {}}]"
    }
  },
  {
    "model": "admin.logentry",
    "pk": 4,
    "fields": {
      "action_time": "2025-01-30T16:40:57.088Z",
      "user": 1,
      "content_type": 13,
      "object_id": "2",
      "object_repr": "Dermatology",
      "action_flag": 1,
      "change_message": "[{\"added\": {}}]"
    }
  },
  {
    "model": "admin.logentry",
    "pk": 5,
    "fields": {
      "action_time": "2025-01-30T16:41:13.368Z",
      "user": 1,
      "content_type": 13,
      "object_id": "3",
      "object_repr": "Anesthesiology",
      "action_flag": 1,
      "change_message": "[{\"added\": {}}]"
    }
  },
  {
    "model": "admin.logentry",
    "pk": 6,
    "fields": {
      "action_time": "2025-01-30T16:41:23.151Z",
      "user": 1,
      "content_type": 13,
      "object_id": "4",
      "object_repr": "Neurology",
      "action_flag": 1,
      "change_message": "[{\"added\": {}}]"
    }
  },
  {
    "model": "admin.logentry",
    "pk": 7,
    "fields": {
      "action_time": "2025-01-30T16:41:27.821Z",
      "user": 1,
      "content_type": 13,
      "object_id": "5",
      "object_repr": "Pathology",
      "action_flag": 1,
      "change_message": "[{\"added\": {}}]"
    }
  },
  {
    "model": "admin.logentry",
    "pk": 8,
    "fields": {
      "action_time": "2025-01-30T16:41:39.247Z",
      "user": 1,
      "content_type": 13,
      "object_id": "6",
      "object_repr": "Pediatrics",
      "action_flag": 1,
      "change_message": "[{\"added\": {}}]"
    }
  },
  {
    "model": "admin.logentry",
    "pk": 9,
    "fields": {
      "action_time": "2025-01-30T16:41:43.054Z",
      "user": 1,
      "content_type": 13,
      "object_id": "7",
      "object_repr": "Psychiatry",
      "action_flag": 1,
      "change_message": "[{\"added\": {}}]"
    }
  },
  {
    "model": "admin.logentry",
    "pk": 10,
    "fields": {
      "action_time": "2025-01-30T16:41:48.309Z",
      "user": 1,
      "content_type": 13,
      "object_id": "8",
      "object_repr": "Surgery",
      "action_flag": 1,
      "change_message": "[{\"added\": {}}]"
    }
  },
  {
    "model": "admin.logentry",
    "pk": 11,
    "fields": {
      "action_time": "2025-01-30T16:41:58.133Z",
      "user": 1,
      "content_type": 13,
      "object_id": "9",
      "object_repr": "Medical genetics",
      "action_flag": 1,
      "change_message": "[{\"added\": {}}]"
    }
  },
  {
    "model": "admin.logentry",
    "pk": 12,
    "fields": {
      "action_time": "2025-01-30T16:42:07.051Z",
      "user": 1,
      "content_type": 13,
      "object_id": "10",
      "object_repr": "Diagnostic radiology",
      "action_flag": 1,
      "change_message": "[{\"added\": {}}]"
    }
  },
  {
    "model": "admin.logentry",
    "pk": 13,
    "fields": {
      "action_time": "2025-01-30T16:45:34.943Z",
      "user": 1,
      "content_type": 12,
      "object_id": "1",
      "object_repr": "Allergists",
      "action_flag": 1,
      "change_message": "[{\"added\": {}}]"
    }
  },
  {
    "model": "admin.logentry",
    "pk": 14,
    "fields": {
      "action_time": "2025-01-30T16:45:38.606Z",
      "user": 1,
      "content_type": 12,
      "object_id": "2",
      "object_repr": "Anesthesiologists",
      "action_flag": 1,
      "change_message": "[{\"added\": {}}]"
    }
  },
  {
    "model": "admin.logentry",
    "pk": 15,
    "fields": {
      "action_time": "2025-01-30T16:45:42.184Z",
      "user": 1,
      "content_type": 12,
      "object_id": "3",
      "object_repr": "Cardiologists",
      "action_flag": 1,
      "change_message": "[{\"added\": {}}]"
    }
  },
  {
    "model": "admin.logentry",
    "pk": 16,
    "fields": {
      "action_time": "2025-01-30T16:45:49.826Z",
      "user": 1,
      "content_type": 12,
      "object_id": "4",
      "object_repr": "Dermatologists",
      "action_flag": 1,
      "change_message": "[{\"added\": {}}]"
    }
  },
  {
    "model": "admin.logentry",
    "pk": 17,
    "fields": {
      "action_time": "2025-01-30T16:45:53.682Z",
      "user": 1,
      "content_type": 12,
      "object_id": "5",
      "object_repr": "Endocrinologists",
      "action_flag": 1,
      "change_message": "[{\"added\": {}}]"
    }
  },
  {
    "model": "admin.logentry",
    "pk": 18,
    "fields": {
      "action_time": "2025-01-30T16:45:58.505Z",
      "user": 1,
      "content_type": 12,
      "object_id": "6",
      "object_repr": "Emergency Medicine Specialists",
      "action_flag": 1,
      "change_message": "[{\"added\": {}}]"
    }
  },
  {
    "model": "admin.logentry",
    "pk": 19,
    "fields": {
      "action_time": "2025-01-30T16:46:02.462Z",
      "user": 1,
      "content_type": 12,
      "object_id": "7",
      "object_repr": "Gastroenterologists",
      "action_flag": 1,
      "change_message": "[{\"added\": {}}]"
    }
  },
  {
    "model": "admin.logentry",
    "pk": 20,
    "fields": {
      "action_time": "2025-01-30T16:46:08.414Z",
      "user": 1,
      "content_type": 12,
      "object_id": "8",
      "object_repr": "Hematologists",
      "action_flag": 1,
      "change_message": "[{\"added\": {}}]"
    }
  },
  {
    "model": "admin.logentry",
    "pk": 21,
    "fields": {
      "action_time": "2025-01-30T16:46:16.503Z",
      "user": 1,
      "content_type": 12,
      "object_id": "9",
      "object_repr": "Nephrologists",
      "action_flag": 1,
      "change_message": "[{\"added\": {}}]"
    }
  },
  {
    "model": "admin.logentry",
    "pk": 22,
    "fields": {
      "action_time": "2025-01-30T16:46:22.336Z",
      "user": 1,
      "content_type": 12,
      "object_id": "10",
      "object_repr": "Neurologists",
      "action_flag": 1,
      "change_message": "[{\"added\": {}}]"
    }
  },
  {
    "model": "admin.logentry",
    "pk": 23,
    "fields": {
      "action_time": "2025-01-30T16:46:32.193Z",
      "user": 1,
      "content_type": 12,
      "object_id": "11",
      "object_repr": "Oncologists",
      "action_flag": 1,
      "change_message": "[{\"added\": {}}]"
    }
  },
  {
    "model": "admin.logentry",
    "pk": 24,
    "fields": {
      "action_time": "2025-01-30T16:46:38.270Z",
      "user": 1,
      "content_type": 12,
      "object_id": "12",
      "object_repr": "Pathologists",
      "action_flag": 1,
      "change_message": "[{\"added\": {}}]"
    }
  },
  {
    "model": "admin.logentry",
    "pk": 25,
    "fields": {
      "action_time": "2025-01-30T16:46:45.213Z",
      "user": 1,
      "content_type": 12,
      "object_id": "13",
      "object_repr": "Physiatrists",
      "action_flag": 1,
      "change_message": "[{\"added\": {}}]"
    }
  },
  {
    "model": "admin.logentry",
    "pk": 26,
    "fields": {
      "action_time": "2025-01-30T16:46:48.400Z",
      "user": 1,
      "content_type": 12,
      "object_id": "14",
      "object_repr": "Plastic Surgeons",
      "action_flag": 1,
      "change_message": "[{\"added\": {}}]"
    }
  },
  {
    "model": "admin.logentry",
    "pk": 27,
    "fields": {
      "action_time": "2025-01-30T16:51:38.369Z",
      "user": 1,
      "content_type": 11,
      "object_id": "1",
      "object_repr": "Monday 08:00 AM - 10:00 AM",
      "action_flag": 1,
      "change_message": "[{\"added\": {}}]"
    }
  },
  {
    "model": "admin.logentry",
    "pk": 28,
    "fields": {
      "action_time": "2025-01-30T16:51:49.609Z",
      "user": 1,
      "content_type": 11,
      "object_id": "2",
      "object_repr": "Monday 10:00 AM - 12:00 PM",
      "action_flag": 1,
      "change_message": "[{\"added\": {}}]"
    }
  },
  {
    "model": "admin.logentry",
    "pk": 29,
    "fields": {
      "action_time": "2025-01-30T16:51:54.993Z",
      "user": 1,
      "content_type": 11,
      "object_id": "3",
      "object_repr": "Monday 12:00 PM - 02:00 PM",
      "action_flag": 1,
      "change_message": "[{\"added\": {}}]"
    }
  },
  {
    "model": "admin.logentry",
    "pk": 30,
    "fields": {
      "action_time": "2025-01-30T16:51:59.934Z",
      "user": 1,
      "content_type": 11,
      "object_id": "4",
      "object_repr": "Monday 02:00 PM - 04:00 PM",
      "action_flag": 1,
      "change_message": "[{\"added\": {}}]"
    }
  },
  {
    "model": "admin.logentry",
    "pk": 31,
    "fields": {
      "action_time": "2025-01-30T16:52:05.016Z",
      "user": 1,
      "content_type": 11,
      "object_id": "5",
      "object_repr": "Tuesday 08:00 AM - 10:00 AM",
      "action_flag": 1,
      "change_message": "[{\"added\": {}}]"
    }
  },
  {
    "model": "admin.logentry",
    "pk": 32,
    "fields": {
      "action_time": "2025-01-30T16:52:08.470Z",
      "user": 1,
      "content_type": 11,
      "object_id": "6",
      "object_repr": "Tuesday 10:00 AM - 12:00 PM",
      "action_flag": 1,
      "change_message": "[{\"added\": {}}]"
    }
  },
  {
    "model": "admin.logentry",
    "pk": 33,
    "fields": {
      "action_time": "2025-01-30T16:52:12.406Z",
      "user": 1,
      "content_type": 11,
      "object_id": "7",
      "object_repr": "Tuesday 12:00 PM - 02:00 PM",
      "action_flag": 1,
      "change_message": "[{\"added\": {}}]"
    }
  },
  {
    "model": "admin.logentry",
    "pk": 34,
    "fields": {
      "action_time": "2025-01-30T16:52:16.663Z",
      "user": 1,
      "content_type": 11,
      "object_id": "8",
      "object_repr": "Tuesday 02:00 PM - 04:00 PM",
      "action_flag": 1,
      "change_message": "[{\"added\": {}}]"
    }
  },
  {
    "model": "admin.logentry",
    "pk": 35,
    "fields": {
      "action_time": "2025-01-30T16:52:20.828Z",
      "user": 1,
      "content_type": 11,
      "object_id": "9",
      "object_repr": "Wednesday 08:00 AM - 10:00 AM",
      "action_flag": 1,
      "change_message": "[{\"added\": {}}]"
    }
  },
  {
    "model": "admin.logentry",
    "pk": 36,
    "fields": {
      "action_time": "2025-01-30T16:52:23.822Z",
      "user": 1,
      "content_type": 11,
      "object_id": "10",
      "object_repr": "Wednesday 10:00 AM - 12:00 PM",
      "action_flag": 1,
      "change_message": "[{\"added\": {}}]"
    }
  },
  {
    "model": "admin.logentry",
    "pk": 37,
    "fields": {
      "action_time": "2025-01-30T16:52:27.465Z",
      "user": 1,
      "content_type": 11,
      "object_id": "11",
      "object_repr": "Wednesday 12:00 PM - 02:00 PM",
      "action_flag": 1,
      "change_message": "[{\"added\": {}}]"
    }
  },
  {
    "model": "admin.logentry",
    "pk": 38,
    "fields": {
      "action_time": "2025-01-30T16:52:30.793Z",
      "user": 1,
      "content_type": 11,
      "object_id": "12",
      "object_repr": "Thursday 08:00 AM - 10:00 AM",
      "action_flag": 1,
      "change_message": "[{\"added\": {}}]"
    }
  },
  {
    "model": "admin.logentry",
    "pk": 39,
    "fields": {
      "action_time": "2025-01-30T16:52:34.431Z",
      "user": 1,
      "content_type": 11,
      "object_id": "13",
      "object_repr": "Thursday 10:00 AM - 12:00 PM",
      "action_flag": 1,
      "change_message": "[{\"added\": {}}]"
    }
  },
  {
    "model": "admin.logentry",
    "pk": 40,
    "fields": {
      "action_time": "2025-01-30T16:52:37.629Z",
      "user": 1,
      "content_type": 11,
      "object_id": "14",
      "object_repr": "Thursday 12:00 PM - 02:00 PM",
      "action_flag": 1,
      "change_message": "[{\"added\": {}}]"
    }
  },
  {
    "model": "admin.logentry",
    "pk": 41,
    "fields": {
      "action_time": "2025-01-30T16:52:44.389Z",
      "user": 1,
      "content_type": 11,
      "object_id": "15",
      "object_repr": "Friday 08:00 AM - 10:00 AM",
      "action_flag": 1,
      "change_message": "[{\"added\": {}}]"
    }
  },
  {
    "model": "admin.logentry",
    "pk": 42,
    "fields": {
      "action_time": "2025-01-30T16:52:47.592Z",
      "user": 1,
      "content_type": 11,
      "object_id": "16",
      "object_repr": "Friday 10:00 AM - 12:00 PM",
      "action_flag": 1,
      "change_message": "[{\"added\": {}}]"
    }
  },
  {
    "model": "admin.logentry",
    "pk": 43,
    "fields": {
      "action_time": "2025-01-30T16:52:50.899Z",
      "user": 1,
      "content_type": 11,
      "object_id": "17",
      "object_repr": "Saturday 08:00 AM - 10:00 AM",
      "action_flag": 1,
      "change_message": "[{\"added\": {}}]"
    }
  },
  {
    "model": "admin.logentry",
    "pk": 44,
    "fields": {
      "action_time": "2025-01-30T16:52:53.796Z",
      "user": 1,
      "content_type": 11,
      "object_id": "18",
      "object_repr": "Saturday 10:00 AM - 12:00 PM",
      "action_flag": 1,
      "change_message": "[{\"added\": {}}]"
    }
  },
  {
    "model": "admin.logentry",
    "pk": 45,
    "fields": {
      "action_time": "2025-01-30T16:52:57.198Z",
      "user": 1,
      "content_type": 11,
      "object_id": "19",
      "object_repr": "Saturday 12:00 PM - 02:00 PM",
      "action_flag": 1,
      "change_message": "[{\"added\": {}}]"
    }
  },
  {
    "model": "admin.logentry",
    "pk": 46,
    "fields": {
      "action_time": "2025-01-30T16:53:04.561Z",
      "user": 1,
      "content_type": 11,
      "object_id": "20",
      "object_repr": "Sunday 08:00 AM - 10:00 AM",
      "action_flag": 1,
      "change_message": "[{\"added\": {}}]"
    }
  },
  {
    "model": "admin.logentry",
    "pk": 47,
    "fields": {
      "action_time": "2025-01-30T16:53:07.902Z",
      "user": 1,
      "content_type": 11,
      "object_id": "21",
      "object_repr": "Sunday 10:00 AM - 12:00 PM",
      "action_flag": 1,
      "change_message": "[{\"added\": {}}]"
    }
  },
  {
    "model": "admin.logentry",
    "pk": 48,
    "fields": {
      "action_time": "2025-01-30T16:53:11.438Z",
      "user": 1,
      "content_type": 11,
      "object_id": "22",
      "object_repr": "Sunday 12:00 PM - 02:00 PM",
      "action_flag": 1,
      "change_message": "[{\"added\": {}}]"
    }
  },
  {
    "model": "admin.logentry",
    "pk": 49,
    "fields": {
      "action_time": "2025-01-30T16:55:32.172Z",
      "user": 1,
      "content_type": 14,
      "object_id": "1",
      "object_repr": "jems bond",
      "action_flag": 1,
      "change_message": "[{\"added\": {}}]"
    }
  },
  {
    "model": "admin.logentry",
    "pk": 50,
    "fields": {
      "action_time": "2025-01-30T17:14:56.113Z",
      "user": 1,
      "content_type": 4,
      "object_id": "2",
      "object_repr": "jems",
      "action_flag": 2,
      "change_message": "[{\"changed\": {\"fields\": [\"Email address\"]}}]"
    }
  },
  {
    "model": "admin.logentry",
    "pk": 51,
    "fields": {
      "action_time": "2025-01-31T06:29:43.878Z",
      "user": 1,
      "content_type": 16,
      "object_id": "1",
      "object_repr": "ali amzod",
      "action_flag": 3,
      "change_message": ""
    }
  },
  {
    "model": "admin.logentry",
    "pk": 52,
    "fields": {
      "action_time": "2025-01-31T06:40:29.028Z",
      "user": 1,
      "content_type": 4,
      "object_id": "3",
      "object_repr": "patient1",
      "action_flag": 3,
      "change_message": ""
    }
  },
  {
    "model": "admin.logentry",
    "pk": 53,
    "fields": {
      "action_time": "2025-01-31T06:54:43.613Z",
      "user": 1,
      "content_type": 4,
      "object_id": "4",
      "object_repr": "ali",
      "action_flag": 3,
      "change_message": ""
    }
  },
  {
    "model": "admin.logentry",
    "pk": 54,
    "fields": {
      "action_time": "2025-01-31T08:50:13.097Z",
      "user": 1,
      "content_type": 4,
      "object_id": "5",
      "object_repr": "ali",
      "action_flag": 3,
      "change_message": ""
    }
  },
  {
    "model": "admin.logentry",
    "pk": 55,
    "fields": {
      "action_time": "2025-01-31T09:01:55.466Z",
      "user": 1,
      "content_type": 4,
      "object_id": "6",
      "object_repr": "ali",
      "action_flag": 3,
      "change_message": ""
    }
  },
  {
    "model": "admin.logentry",
    "pk": 56,
    "fields": {
      "action_time": "2025-02-04T13:15:48.635Z",
      "user": 1,
      "content_type": 14,
      "object_id": "1",
      "object_repr": "jems bond",
      "action_flag": 2,
      "change_message": "[{\"changed\": {\"fields\": [\"Available time\"]}}]"
    }
  },
  {
    "model": "admin.logentry",
    "pk": 57,
    "fields": {
      "action_time": "2025-02-04T14:05:49.589Z",
      "user": 1,
      "content_type": 14,
      "object_id": "1",
      "object_repr": "jems bond",
      "action_flag": 2,
      "change_message": "[{\"changed\": {\"fields\": [\"Description\", \"Phone number\"]}}]"
    }
  },
  {
    "model": "admin.logentry",
    "pk": 58,
    "fields": {
      "action_time": "2025-02-04T14:15:02.890Z",
      "user": 1,
      "content_type": 14,
      "object_id": "1",
      "object_repr": "jems bond",
      "action_flag": 2,
      "change_message": "[{\"changed\": {\"fields\": [\"Available time\"]}}]"
    }
  },
  {
    "model": "admin.logentry",
    "pk": 59,
    "fields": {
      "action_time": "2025-02-04T14:16:03.846Z",
      "user": 1,
      "content_type": 14,
      "object_id": "1",
      "object_repr": "jems bond",
      "action_flag": 2,
      "change_message": "[{\"changed\": {\"fields\": [\"Available time\"]}}]"
    }
  },
  {
    "model": "admin.logentry",
    "pk": 60,
    "fields": {
      "action_time": "2025-02-04T15:34:04.393Z",
      "user": 1,
      "content_type": 4,
      "object_id": "8",
      "object_repr": "mic",
      "action_flag": 1,
      "change_message": "[{\"added\": {}}]"
    }
  },
  {
    "model": "admin.logentry",
    "pk": 61,
    "fields": {
      "action_time": "2025-02-04T15:34:42.330Z",
      "user": 1,
      "content_type": 4,
      "object_id": "8",
      "object_repr": "mic",
      "action_flag": 2,
      "change_message": "[{\"changed\": {\"fields\": [\"First name\", \"Last name\", \"Email address\"]}}]"
    }
  },
  {
    "model": "admin.logentry",
    "pk": 62,
    "fields": {
      "action_time": "2025-02-04T15:36:34.914Z",
      "user": 1,
      "content_type": 4,
      "object_id": "9",
      "object_repr": "selena",
      "action_flag": 1,
      "change_message": "[{\"added\": {}}]"
    }
  },
  {
    "model": "admin.logentry",
    "pk": 63,
    "fields": {
      "action_time": "2025-02-04T15:37:12.820Z",
      "user": 1,
      "content_type": 4,
      "object_id": "9",
      "object_repr": "selena",
      "action_flag": 2,
      "change_message": "[{\"changed\": {\"fields\": [\"First name\", \"Last name\", \"Email address\"]}}]"
    }
  },
  {
    "model": "admin.logentry",
    "pk": 64,
    "fields": {
      "action_time": "2025-02-04T15:37:47.838Z",
      "user": 1,
      "content_type": 4,
      "object_id": "10",
      "object_repr": "tumpa",
      "action_flag": 1,
      "change_message": "[{\"added\": {}}]"
    }
  },
  {
    "model": "admin.logentry",
    "pk": 65,
    "fields": {
      "action_time": "2025-02-04T15:38:18.679Z",
      "user": 1,
      "content_type": 4,
      "object_id": "10",
      "object_repr": "tumpa",
      "action_flag": 2,
      "change_message": "[{\"changed\": {\"fields\": [\"First name\", \"Last name\", \"Email address\"]}}]"
    }
  },
  {
    "model": "admin.logentry",
    "pk": 66,
    "fields": {
      "action_time": "2025-02-04T15:39:11.912Z",
      "user": 1,
      "content_type": 4,
      "object_id": "11",
      "object_repr": "pinaki",
      "action_flag": 1,
      "change_message": "[{\"added\": {}}]"
    }
  },
  {
    "model": "admin.logentry",
    "pk": 67,
    "fields": {
      "action_time": "2025-02-04T15:39:45.618Z",
      "user": 1,
      "content_type": 4,
      "object_id": "11",
      "object_repr": "pinaki",
      "action_flag": 2,
      "change_message": "[{\"changed\": {\"fields\": [\"First name\", \"Last name\", \"Email address\"]}}]"
    }
  },
  {
    "model": "admin.logentry",
    "pk": 68,
    "fields": {
      "action_time": "2025-02-04T15:40:38.032Z",
      "user": 1,
      "content_type": 4,
      "object_id": "12",
      "object_repr": "jecika",
      "action_flag": 1,
      "change_message": "[{\"added\": {}}]"
    }
  },
  {
    "model": "admin.logentry",
    "pk": 69,
    "fields": {
      "action_time": "2025-02-04T15:41:06.887Z",
      "user": 1,
      "content_type": 4,
      "object_id": "12",
      "object_repr": "jecika",
      "action_flag": 2,
      "change_message": "[{\"changed\": {\"fields\": [\"First name\", \"Last name\", \"Email address\"]}}]"
    }
  },
  {
    "model": "admin.logentry",
    "pk": 70,
    "fields": {
      "action_time": "2025-02-04T15:41:45.991Z",
      "user": 1,
      "content_type": 4,
      "object_id": "13",
      "object_repr": "duke",
      "action_flag": 1,
      "change_message": "[{\"added\": {}}]"
    }
  },
  {
    "model": "admin.logentry",
    "pk": 71,
    "fields": {
      "action_time": "2025-02-04T15:42:08.318Z",
      "user": 1,
      "content_type": 4,
      "object_id": "13",
      "object_repr": "duke",
      "action_flag": 2,
      "change_message": "[{\"changed\": {\"fields\": [\"First name\", \"Last name\", \"Email address\"]}}]"
    }
  },
  {
    "model": "admin.logentry",
    "pk": 72,
    "fields": {
      "action_time": "2025-02-04T15:42:29.494Z",
      "user": 1,
      "content_type": 4,
      "object_id": "14",
      "object_repr": "amber",
      "action_flag": 1,
      "change_message": "[{\"added\": {}}]"
    }
  },
  {
    "model": "admin.logentry",
    "pk": 73,
    "fields": {
      "action_time": "2025-02-04T15:42:49.455Z",
      "user": 1,
      "content_type": 4,
      "object_id": "14",
      "object_repr": "amber",
      "action_flag": 2,
      "change_message": "[{\"changed\": {\"fields\": [\"First name\", \"Last name\", \"Email address\"]}}]"
    }
  },
  {
    "model": "admin.logentry",
    "pk": 74,
    "fields": {
      "action_time": "2025-02-04T15:42:53.678Z",
      "user": 1,
      "content_type": 4,
      "object_id": "14",
      "object_repr": "amber",
      "action_flag": 2,
      "change_message": "[]"
    }
  },
  {
    "model": "admin.logentry",
    "pk": 75,
    "fields": {
      "action_time": "2025-02-04T15:43:24.117Z",
      "user": 1,
      "content_type": 4,
      "object_id": "15",
      "object_repr": "antomi",
      "action_flag": 1,
      "change_message": "[{\"added\": {}}]"
    }
  },
  {
    "model": "admin.logentry",
    "pk": 76,
    "fields": {
      "action_time": "2025-02-04T15:43:59.064Z",
      "user": 1,
      "content_type": 4,
      "object_id": "15",
      "object_repr": "antomi",
      "action_flag": 2,
      "change_message": "[{\"changed\": {\"fields\": [\"First name\", \"Last name\", \"Email address\"]}}]"
    }
  },
  {
    "model": "admin.logentry",
    "pk": 77,
    "fields": {
      "action_time": "2025-02-04T15:44:15.550Z",
      "user": 1,
      "content_type": 4,
      "object_id": "16",
      "object_repr": "lima",
      "action_flag": 1,
      "change_message": "[{\"added\": {}}]"
    }
  },
  {
    "model": "admin.logentry",
    "pk": 78,
    "fields": {
      "action_time": "2025-02-04T15:44:28.046Z",
      "user": 1,
      "content_type": 4,
      "object_id": "16",
      "object_repr": "lima",
      "action_flag": 2,
      "change_message": "[{\"changed\": {\"fields\": [\"First name\", \"Last name\", \"Email address\"]}}]"
    }
  },
  {
    "model": "admin.logentry",
    "pk": 79,
    "fields": {
      "action_time": "2025-02-04T15:59:43.808Z",
      "user": 1,
      "content_type": 14,
      "object_id": "2",
      "object_repr": "Amber Yuvi",
      "action_flag": 1,
      "change_message": "[{\"added\": {}}]"
    }
  },
  {
    "model": "admin.logentry",
    "pk": 80,
    "fields": {
      "action_time": "2025-02-04T16:01:08.347Z",
      "user": 1,
      "content_type": 14,
      "object_id": "3",
      "object_repr": "Antomi Birwa",
      "action_flag": 1,
      "change_message": "[{\"added\": {}}]"
    }
  },
  {
    "model": "admin.logentry",
    "pk": 81,
    "fields": {
      "action_time": "2025-02-04T16:02:35.922Z",
      "user": 1,
      "content_type": 14,
      "object_id": "4",
      "object_repr": "Jecika Lomen",
      "action_flag": 1,
      "change_message": "[{\"added\": {}}]"
    }
  },
  {
    "model": "admin.logentry",
    "pk": 82,
    "fields": {
      "action_time": "2025-02-04T16:03:54.571Z",
      "user": 1,
      "content_type": 14,
      "object_id": "5",
      "object_repr": "Duke Mila",
      "action_flag": 1,
      "change_message": "[{\"added\": {}}]"
    }
  },
  {
    "model": "admin.logentry",
    "pk": 83,
    "fields": {
      "action_time": "2025-02-04T16:05:26.381Z",
      "user": 1,
      "content_type": 14,
      "object_id": "6",
      "object_repr": "Lima Akter",
      "action_flag": 1,
      "change_message": "[{\"added\": {}}]"
    }
  },
  {
    "model": "admin.logentry",
    "pk": 84,
    "fields": {
      "action_time": "2025-02-04T16:06:54.975Z",
      "user": 1,
      "content_type": 14,
      "object_id": "7",
      "object_repr": "Mic Andru",
      "action_flag": 1,
      "change_message": "[{\"added\": {}}]"
    }
  },
  {
    "model": "admin.logentry",
    "pk": 85,
    "fields": {
      "action_time": "2025-02-04T16:07:57.518Z",
      "user": 1,
      "content_type": 14,
      "object_id": "8",
      "object_repr": "Pinaki Antom",
      "action_flag": 1,
      "change_message": "[{\"added\": {}}]"
    }
  },
  {
    "model": "admin.logentry",
    "pk": 86,
    "fields": {
      "action_time": "2025-02-04T16:08:56.674Z",
      "user": 1,
      "content_type": 14,
      "object_id": "9",
      "object_repr": "Selena Minaki",
      "action_flag": 1,
      "change_message": "[{\"added\": {}}]"
    }
  },
  {
    "model": "admin.logentry",
    "pk": 87,
    "fields": {
      "action_time": "2025-02-04T16:10:13.109Z",
      "user": 1,
      "content_type": 13,
      "object_id": "11",
      "object_repr": "Gastritis Treatment",
      "action_flag": 1,
      "change_message": "[{\"added\": {}}]"
    }
  },
  {
    "model": "admin.logentry",
    "pk": 88,
    "fields": {
      "action_time": "2025-02-04T16:10:33.496Z",
      "user": 1,
      "content_type": 13,
      "object_id": "12",
      "object_repr": "Acidity Treatment",
      "action_flag": 1,
      "change_message": "[{\"added\": {}}]"
    }
  },
  {
    "model": "admin.logentry",
    "pk": 89,
    "fields": {
      "action_time": "2025-02-04T16:11:09.729Z",
      "user": 1,
      "content_type": 14,
      "object_id": "10",
      "object_repr": "Tumpa Salu",
      "action_flag": 1,
      "change_message": "[{\"added\": {}}]"
    }
  },
  {
    "model": "admin.logentry",
    "pk": 90,
    "fields": {
      "action_time": "2025-02-06T14:44:17.234Z",
      "user": 1,
      "content_type": 4,
      "object_id": "2",
      "object_repr": "jems",
      "action_flag": 2,
      "change_message": "[{\"changed\": {\"fields\": [\"First name\", \"Last name\"]}}]"
    }
  },
  {
    "model": "auth.permission",
    "pk": 1,
    "fields": {
      "name": "Can add log entry",
      "content_type": 1,
      "codename": "add_logentry"
    }
  },
  {
    "model": "auth.permission",
    "pk": 2,
    "fields": {
      "name": "Can change log entry",
      "content_type": 1,
      "codename": "change_logentry"
    }
  },
  {
    "model": "auth.permission",
    "pk": 3,
    "fields": {
      "name": "Can delete log entry",
      "content_type": 1,
      "codename": "delete_logentry"
    }
  },
  {
    "model": "auth.permission",
    "pk": 4,
    "fields": {
      "name": "Can view log entry",
      "content_type": 1,
      "codename": "view_logentry"
    }
  },
  {
    "model": "auth.permission",
    "pk": 5,
    "fields": {
      "name": "Can add permission",
      "content_type": 2,
      "codename": "add_permission"
    }
  },
  {
    "model": "auth.permission",
    "pk": 6,
    "fields": {
      "name": "Can change permission",
      "content_type": 2,
      "codename": "change_permission"
    }
  },
  {
    "model": "auth.permission",
    "pk": 7,
    "fields": {
      "name": "Can delete permission",
      "content_type": 2,
      "codename": "delete_permission"
    }
  },
  {
    "model": "auth.permission",
    "pk": 8,
    "fields": {
      "name": "Can view permission",
      "content_type": 2,
      "codename": "view_permission"
    }
  },
  {
    "model": "auth.permission",
    "pk": 9,
    "fields": {
      "name": "Can add group",
      "content_type": 3,
      "codename": "add_group"
    }
  },
  {
    "model": "auth.permission",
    "pk": 10,
    "fields": {
      "name": "Can change group",
      "content_type": 3,
      "codename": "change_group"
    }
  },
  {
    "model": "auth.permission",
    "pk": 11,
    "fields": {
      "name": "Can delete group",
      "content_type": 3,
      "codename": "delete_group"
    }
  },
  {
    "model": "auth.permission",
    "pk": 12,
    "fields": {
      "name": "Can view group",
      "content_type": 3,
      "codename": "view_group"
    }
  },
  {
    "model": "auth.permission",
    "pk": 13,
    "fields": {
      "name": "Can add user",
      "content_type": 4,
      "codename": "add_user"
    }
  },
  {
    "model": "auth.permission",
    "pk": 14,
    "fields": {
      "name": "Can change user",
      "content_type": 4,
      "codename": "change_user"
    }
  },
  {
    "model": "auth.permission",
    "pk": 15,
    "fields": {
      "name": "Can delete user",
      "content_type": 4,
      "codename": "delete_user"
    }
  },
  {
    "model": "auth.permission",
    "pk": 16,
    "fields": {
      "name": "Can view user",
      "content_type": 4,
      "codename": "view_user"
    }
  },
  {
    "model": "auth.permission",
    "pk": 17,
    "fields": {
      "name": "Can add content type",
      "content_type": 5,
      "codename": "add_contenttype"
    }
  },
  {
    "model": "auth.permission",
    "pk": 18,
    "fields": {
      "name": "Can change content type",
      "content_type": 5,
      "codename": "change_contenttype"
    }
  },
  {
    "model": "auth.permission",
    "pk": 19,
    "fields": {
      "name": "Can delete content type",
      "content_type": 5,
      "codename": "delete_contenttype"
    }
  },
  {
    "model": "auth.permission",
    "pk": 20,
    "fields": {
      "name": "Can view content type",
      "content_type": 5,
      "codename": "view_contenttype"
    }
  },
  {
    "model": "auth.permission",
    "pk": 21,
    "fields": {
      "name": "Can add session",
      "content_type": 6,
      "codename": "add_session"
    }
  },
  {
    "model": "auth.permission",
    "pk": 22,
    "fields": {
      "name": "Can change session",
      "content_type": 6,
      "codename": "change_session"
    }
  },
  {
    "model": "auth.permission",
    "pk": 23,
    "fields": {
      "name": "Can delete session",
      "content_type": 6,
      "codename": "delete_session"
    }
  },
  {
    "model": "auth.permission",
    "pk": 24,
    "fields": {
      "name": "Can view session",
      "content_type": 6,
      "codename": "view_session"
    }
  },
  {
    "model": "auth.permission",
    "pk": 25,
    "fields": {
      "name": "Can add blacklisted token",
      "content_type": 7,
      "codename": "add_blacklistedtoken"
    }
  },
  {
    "model": "auth.permission",
    "pk": 26,
    "fields": {
      "name": "Can change blacklisted token",
      "content_type": 7,
      "codename": "change_blacklistedtoken"
    }
  },
  {
    "model": "auth.permission",
    "pk": 27,
    "fields": {
      "name": "Can delete blacklisted token",
      "content_type": 7,
      "codename": "delete_blacklistedtoken"
    }
  },
  {
    "model": "auth.permission",
    "pk": 28,
    "fields": {
      "name": "Can view blacklisted token",
      "content_type": 7,
      "codename": "view_blacklistedtoken"
    }
  },
  {
    "model": "auth.permission",
    "pk": 29,
    "fields": {
      "name": "Can add outstanding token",
      "content_type": 8,
      "codename": "add_outstandingtoken"
    }
  },
  {
    "model": "auth.permission",
    "pk": 30,
    "fields": {
      "name": "Can change outstanding token",
      "content_type": 8,
      "codename": "change_outstandingtoken"
    }
  },
  {
    "model": "auth.permission",
    "pk": 31,
    "fields": {
      "name": "Can delete outstanding token",
      "content_type": 8,
      "codename": "delete_outstandingtoken"
    }
  },
  {
    "model": "auth.permission",
    "pk": 32,
    "fields": {
      "name": "Can view outstanding token",
      "content_type": 8,
      "codename": "view_outstandingtoken"
    }
  },
  {
    "model": "auth.permission",
    "pk": 33,
    "fields": {
      "name": "Can add appointment",
      "content_type": 9,
      "codename": "add_appointment"
    }
  },
  {
    "model": "auth.permission",
    "pk": 34,
    "fields": {
      "name": "Can change appointment",
      "content_type": 9,
      "codename": "change_appointment"
    }
  },
  {
    "model": "auth.permission",
    "pk": 35,
    "fields": {
      "name": "Can delete appointment",
      "content_type": 9,
      "codename": "delete_appointment"
    }
  },
  {
    "model": "auth.permission",
    "pk": 36,
    "fields": {
      "name": "Can view appointment",
      "content_type": 9,
      "codename": "view_appointment"
    }
  },
  {
    "model": "auth.permission",
    "pk": 37,
    "fields": {
      "name": "Can add contact us",
      "content_type": 10,
      "codename": "add_contactus"
    }
  },
  {
    "model": "auth.permission",
    "pk": 38,
    "fields": {
      "name": "Can change contact us",
      "content_type": 10,
      "codename": "change_contactus"
    }
  },
  {
    "model": "auth.permission",
    "pk": 39,
    "fields": {
      "name": "Can delete contact us",
      "content_type": 10,
      "codename": "delete_contactus"
    }
  },
  {
    "model": "auth.permission",
    "pk": 40,
    "fields": {
      "name": "Can view contact us",
      "content_type": 10,
      "codename": "view_contactus"
    }
  },
  {
    "model": "auth.permission",
    "pk": 41,
    "fields": {
      "name": "Can add available time",
      "content_type": 11,
      "codename": "add_availabletime"
    }
  },
  {
    "model": "auth.permission",
    "pk": 42,
    "fields": {
      "name": "Can change available time",
      "content_type": 11,
      "codename": "change_availabletime"
    }
  },
  {
    "model": "auth.permission",
    "pk": 43,
    "fields": {
      "name": "Can delete available time",
      "content_type": 11,
      "codename": "delete_availabletime"
    }
  },
  {
    "model": "auth.permission",
    "pk": 44,
    "fields": {
      "name": "Can view available time",
      "content_type": 11,
      "codename": "view_availabletime"
    }
  },
  {
    "model": "auth.permission",
    "pk": 45,
    "fields": {
      "name": "Can add designation",
      "content_type": 12,
      "codename": "add_designation"
    }
  },
  {
    "model": "auth.permission",
    "pk": 46,
    "fields": {
      "name": "Can change designation",
      "content_type": 12,
      "codename": "change_designation"
    }
  },
  {
    "model": "auth.permission",
    "pk": 47,
    "fields": {
      "name": "Can delete designation",
      "content_type": 12,
      "codename": "delete_designation"
    }
  },
  {
    "model": "auth.permission",
    "pk": 48,
    "fields": {
      "name": "Can view designation",
      "content_type": 12,
      "codename": "view_designation"
    }
  },
  {
    "model": "auth.permission",
    "pk": 49,
    "fields": {
      "name": "Can add specialization",
      "content_type": 13,
      "codename": "add_specialization"
    }
  },
  {
    "model": "auth.permission",
    "pk": 50,
    "fields": {
      "name": "Can change specialization",
      "content_type": 13,
      "codename": "change_specialization"
    }
  },
  {
    "model": "auth.permission",
    "pk": 51,
    "fields": {
      "name": "Can delete specialization",
      "content_type": 13,
      "codename": "delete_specialization"
    }
  },
  {
    "model": "auth.permission",
    "pk": 52,
    "fields": {
      "name": "Can view specialization",
      "content_type": 13,
      "codename": "view_specialization"
    }
  },
  {
    "model": "auth.permission",
    "pk": 53,
    "fields": {
      "name": "Can add doctor",
      "content_type": 14,
      "codename": "add_doctor"
    }
  },
  {
    "model": "auth.permission",
    "pk": 54,
    "fields": {
      "name": "Can change doctor",
      "content_type": 14,
      "codename": "change_doctor"
    }
  },
  {
    "model": "auth.permission",
    "pk": 55,
    "fields": {
      "name": "Can delete doctor",
      "content_type": 14,
      "codename": "delete_doctor"
    }
  },
  {
    "model": "auth.permission",
    "pk": 56,
    "fields": {
      "name": "Can view doctor",
      "content_type": 14,
      "codename": "view_doctor"
    }
  },
  {
    "model": "auth.permission",
    "pk": 57,
    "fields": {
      "name": "Can add review",
      "content_type": 15,
      "codename": "add_review"
    }
  },
  {
    "model": "auth.permission",
    "pk": 58,
    "fields": {
      "name": "Can change review",
      "content_type": 15,
      "codename": "change_review"
    }
  },
  {
    "model": "auth.permission",
    "pk": 59,
    "fields": {
      "name": "Can delete review",
      "content_type": 15,
      "codename": "delete_review"
    }
  },
  {
    "model": "auth.permission",
    "pk": 60,
    "fields": {
      "name": "Can view review",
      "content_type": 15,
      "codename": "view_review"
    }
  },
  {
    "model": "auth.permission",
    "pk": 61,
    "fields": {
      "name": "Can add patient",
      "content_type": 16,
      "codename": "add_patient"
    }
  },
  {
    "model": "auth.permission",
    "pk": 62,
    "fields": {
      "name": "Can change patient",
      "content_type": 16,
      "codename": "change_patient"
    }
  },
  {
    "model": "auth.permission",
    "pk": 63,
    "fields": {
      "name": "Can delete patient",
      "content_type": 16,
      "codename": "delete_patient"
    }
  },
  {
    "model": "auth.permission",
    "pk": 64,
    "fields": {
      "name": "Can view patient",
      "content_type": 16,
      "codename": "view_patient"
    }
  },
  {
    "model": "auth.permission",
    "pk": 65,
    "fields": {
      "name": "Can add service",
      "content_type": 17,
      "codename": "add_service"
    }
  },
  {
    "model": "auth.permission",
    "pk": 66,
    "fields": {
      "name": "Can change service",
      "content_type": 17,
      "codename": "change_service"
    }
  },
  {
    "model": "auth.permission",
    "pk": 67,
    "fields": {
      "name": "Can delete service",
      "content_type": 17,
      "codename": "delete_service"
    }
  },
  {
    "model": "auth.permission",
    "pk": 68,
    "fields": {
      "name": "Can view service",
      "content_type": 17,
      "codename": "view_service"
    }
  },
  {
    "model": "auth.user",
    "pk": 1,
    "fields": {
      "password": "pbkdf2_sha256$1000000$B5CRzdD6FMlPNN0LW7AXeD$guobDpoenhLpeA2rG5PNpMHdQQLWfU5qhJJ0jWoIoPs=",
      "last_login": "2025-04-22T05:47:18.830Z",
      "is_superuser": true,
      "username": "auny",
      "first_name": "",
      "last_name": "",
      "email": "auny@gmail.com",
      "is_staff": true,
      "is_active": true,
      "date_joined": "2025-01-30T15:24:49.941Z",
      "groups": [],
      "user_permissions": []
    }
  },
  {
    "model": "auth.user",
    "pk": 2,
    "fields": {
      "password": "pbkdf2_sha256$870000$XBitcC9Y3pMWk0jqmvBauj$+xRzLsS9LBwIBfsvj46uj/UuR4eX7GUlUWkKRlik/qs=",
      "last_login": null,
      "is_superuser": false,
      "username": "jems",
      "first_name": "Jems",
      "last_name": "Bond",
      "email": "doctorauny1@yopmail.com",
      "is_staff": false,
      "is_active": true,
      "date_joined": "2025-01-30T15:38:24Z",
      "groups": [],
      "user_permissions": []
    }
  },
  {
    "model": "auth.user",
    "pk": 7,
    "fields": {
      "password": "pbkdf2_sha256$870000$4CIOKbw2zJpl8Z3SNT23aY$e8ovsts+s1x4KTS7sHUXiAxrlJ2mlOzULVyQgFisikA=",
      "last_login": null,
      "is_superuser": false,
      "username": "ali",
      "first_name": "ali",
      "last_name": "asmot",
      "email": "patientauny1@yopmail.com",
      "is_staff": false,
      "is_active": true,
      "date_joined": "2025-01-31T09:02:11.318Z",
      "groups": [],
      "user_permissions": []
    }
  },
  {
    "model": "auth.user",
    "pk": 8,
    "fields": {
      "password": "pbkdf2_sha256$870000$Q13lrCXrv1uIhRtVu6IBq1$qm9l+lKt1jUIuhu9YOAjFEgJL+t+963Nir9ttNHOphc=",
      "last_login": null,
      "is_superuser": false,
      "username": "mic",
      "first_name": "Mic",
      "last_name": "Andru",
      "email": "doctorauny2@yopmail.com",
      "is_staff": false,
      "is_active": true,
      "date_joined": "2025-02-04T15:34:02Z",
      "groups": [],
      "user_permissions": []
    }
  },
  {
    "model": "auth.user",
    "pk": 9,
    "fields": {
      "password": "pbkdf2_sha256$870000$wKL5XLLoZmhWunkejhOrIR$yiNb7GfslFl3MkRm/6K9eyDonEiLWDxguEZTIuLiINQ=",
      "last_login": null,
      "is_superuser": false,
      "username": "selena",
      "first_name": "Selena",
      "last_name": "Minaki",
      "email": "doctorauny3@yopmail.com",
      "is_staff": false,
      "is_active": true,
      "date_joined": "2025-02-04T15:36:33Z",
      "groups": [],
      "user_permissions": []
    }
  },
  {
    "model": "auth.user",
    "pk": 10,
    "fields": {
      "password": "pbkdf2_sha256$870000$BCykSsIE4Ut0wMSd6VjKcX$aa3QHb9IhnMrC7usVzxPrpRcaneG83xIRVnVVb7Eid0=",
      "last_login": null,
      "is_superuser": false,
      "username": "tumpa",
      "first_name": "Tumpa",
      "last_name": "Salu",
      "email": "doctorauny4@yopmail.com",
      "is_staff": false,
      "is_active": true,
      "date_joined": "2025-02-04T15:37:46Z",
      "groups": [],
      "user_permissions": []
    }
  },
  {
    "model": "auth.user",
    "pk": 11,
    "fields": {
      "password": "pbkdf2_sha256$870000$zv3G89GmtcXCIg9RMk2Esc$Vt7/vyaVeLZp7tgTexDOQaBWCiUH7qHooYWSrMvjWrU=",
      "last_login": null,
      "is_superuser": false,
      "username": "pinaki",
      "first_name": "Pinaki",
      "last_name": "Antom",
      "email": "doctorauny5@yopmail.com",
      "is_staff": false,
      "is_active": true,
      "date_joined": "2025-02-04T15:39:10Z",
      "groups": [],
      "user_permissions": []
    }
  },
  {
    "model": "auth.user",
    "pk": 12,
    "fields": {
      "password": "pbkdf2_sha256$870000$qK08Aqln3mGE1j4Zvblr81$eCaXiRHkilGF7+kY2n//aKYy1scIn/Oyng6xAmpQZ1I=",
      "last_login": null,
      "is_superuser": false,
      "username": "jecika",
      "first_name": "Jecika",
      "last_name": "Lomen",
      "email": "doctorauny6@yopmail.com",
      "is_staff": false,
      "is_active": true,
      "date_joined": "2025-02-04T15:40:36Z",
      "groups": [],
      "user_permissions": []
    }
  },
  {
    "model": "auth.user",
    "pk": 13,
    "fields": {
      "password": "pbkdf2_sha256$870000$SUAXjNcHKQc485Uh8qtXzg$qYxj1gElMaTODY/qUqYG+pvd7tpUaIWQSSPMGooAaFU=",
      "last_login": null,
      "is_superuser": false,
      "username": "duke",
      "first_name": "Duke",
      "last_name": "Mila",
      "email": "doctorauny7@yopmail.com",
      "is_staff": false,
      "is_active": true,
      "date_joined": "2025-02-04T15:41:44Z",
      "groups": [],
      "user_permissions": []
    }
  },
  {
    "model": "auth.user",
    "pk": 14,
    "fields": {
      "password": "pbkdf2_sha256$870000$F4HumLR0pjIaPOR54KuE4E$j9HgcFbI9pyNx9JjlfYdLDAYZ7d9GHlPNGp/Dl88P4A=",
      "last_login": null,
      "is_superuser": false,
      "username": "amber",
      "first_name": "Amber",
      "last_name": "Yuvi",
      "email": "doctorauny8@yopmail.com",
      "is_staff": false,
      "is_active": true,
      "date_joined": "2025-02-04T15:42:28Z",
      "groups": [],
      "user_permissions": []
    }
  },
  {
    "model": "auth.user",
    "pk": 15,
    "fields": {
      "password": "pbkdf2_sha256$870000$ikMQE1FGHPD53WVnMrhusD$iUKxP12ps6xXXMVtUWUJZc49K76+CB6m/Xm9dnE1+zI=",
      "last_login": null,
      "is_superuser": false,
      "username": "antomi",
      "first_name": "Antomi",
      "last_name": "Birwa",
      "email": "doctorauny9@yopmail.com",
      "is_staff": false,
      "is_active": true,
      "date_joined": "2025-02-04T15:43:22Z",
      "groups": [],
      "user_permissions": []
    }
  },
  {
    "model": "auth.user",
    "pk": 16,
    "fields": {
      "password": "pbkdf2_sha256$870000$glMv8QiYGlTd8m3LOZPcSs$r7rMt80G6xu1wJWySVBqSHgYo4YOynK7O25UATIERHk=",
      "last_login": null,
      "is_superuser": false,
      "username": "lima",
      "first_name": "Lima",
      "last_name": "Akter",
      "email": "doctorauny10@yopmail.com",
      "is_staff": false,
      "is_active": true,
      "date_joined": "2025-02-04T15:44:14Z",
      "groups": [],
      "user_permissions": []
    }
  },
  {
    "model": "contenttypes.contenttype",
    "pk": 1,
    "fields": { "app_label": "admin", "model": "logentry" }
  },
  {
    "model": "contenttypes.contenttype",
    "pk": 2,
    "fields": { "app_label": "auth", "model": "permission" }
  },
  {
    "model": "contenttypes.contenttype",
    "pk": 3,
    "fields": { "app_label": "auth", "model": "group" }
  },
  {
    "model": "contenttypes.contenttype",
    "pk": 4,
    "fields": { "app_label": "auth", "model": "user" }
  },
  {
    "model": "contenttypes.contenttype",
    "pk": 5,
    "fields": { "app_label": "contenttypes", "model": "contenttype" }
  },
  {
    "model": "contenttypes.contenttype",
    "pk": 6,
    "fields": { "app_label": "sessions", "model": "session" }
  },
  {
    "model": "contenttypes.contenttype",
    "pk": 7,
    "fields": { "app_label": "token_blacklist", "model": "blacklistedtoken" }
  },
  {
    "model": "contenttypes.contenttype",
    "pk": 8,
    "fields": { "app_label": "token_blacklist", "model": "outstandingtoken" }
  },
  {
    "model": "contenttypes.contenttype",
    "pk": 9,
    "fields": { "app_label": "appointment", "model": "appointment" }
  },
  {
    "model": "contenttypes.contenttype",
    "pk": 10,
    "fields": { "app_label": "contact_us", "model": "contactus" }
  },
  {
    "model": "contenttypes.contenttype",
    "pk": 11,
    "fields": { "app_label": "doctor", "model": "availabletime" }
  },
  {
    "model": "contenttypes.contenttype",
    "pk": 12,
    "fields": { "app_label": "doctor", "model": "designation" }
  },
  {
    "model": "contenttypes.contenttype",
    "pk": 13,
    "fields": { "app_label": "doctor", "model": "specialization" }
  },
  {
    "model": "contenttypes.contenttype",
    "pk": 14,
    "fields": { "app_label": "doctor", "model": "doctor" }
  },
  {
    "model": "contenttypes.contenttype",
    "pk": 15,
    "fields": { "app_label": "doctor", "model": "review" }
  },
  {
    "model": "contenttypes.contenttype",
    "pk": 16,
    "fields": { "app_label": "patient", "model": "patient" }
  },
  {
    "model": "contenttypes.contenttype",
    "pk": 17,
    "fields": { "app_label": "service", "model": "service" }
  },
  {
    "model": "sessions.session",
    "pk": "0bqju6y3uq643k4yt1k0pggwv3gseak0",
    "fields": {
      "session_data": ".eJxVjDsOwjAQBe_iGll24l8o6XMGa3e9wQFkS3FSIe5OIqWA9s3Me4sI25rj1niJcxJXocXld0OgJ5cDpAeUe5VUy7rMKA9FnrTJsSZ-3U737yBDy3uNzpAFQrQGwTjwvdG9mhL4DsIOmUOniCx7hdrZgfUELtDgwSiLpMTnC_prOEo:1tfKQd:AKVDVe1hr8NUp5vu_f2K2JN3EQtfazKdS2h01flWcy4",
      "expire_date": "2025-02-18T15:01:31.294Z"
    }
  },
  {
    "model": "sessions.session",
    "pk": "14cdga903d3ucduha6drzg3tik434yq1",
    "fields": {
      "session_data": ".eJxVjDsOwjAQBe_iGll24l8o6XMGa3e9wQFkS3FSIe5OIqWA9s3Me4sI25rj1niJcxJXocXld0OgJ5cDpAeUe5VUy7rMKA9FnrTJsSZ-3U737yBDy3uNzpAFQrQGwTjwvdG9mhL4DsIOmUOniCx7hdrZgfUELtDgwSiLpMTnC_prOEo:1tfIlj:eCrMnCR88kLezjAK2spxyuuUgPnkraqBmZL3-kruPms",
      "expire_date": "2025-02-18T13:15:11.772Z"
    }
  },
  {
    "model": "sessions.session",
    "pk": "7ty55umsefu8zb9p2hghq92t83lziqur",
    "fields": {
      "session_data": ".eJxVjDsOwjAQBe_iGln-xR9K-pzB8nrXOIAcKU4qxN2RpRTQvpl5bxbTsdd4dNriguzKJLv8bpDyk9oA-EjtvvK8tn1bgA-Fn7TzeUV63U7376CmXkcNwhdLkJMxxSM5cM7qbBXZKfkCTgqtqCBqITEoGYyCkMvkldfBo2OfLwQcOBo:1u76TW:iWAHU8_fVch8myaLQT8a5nRLfcJdUP2CH0bP6z9D2to",
      "expire_date": "2025-05-06T05:47:18.975Z"
    }
  },
  {
    "model": "sessions.session",
    "pk": "lb7l2b3c1y37i37tynbeb0ckans20ntw",
    "fields": {
      "session_data": ".eJxVjDsOwjAQBe_iGll24l8o6XMGa3e9wQFkS3FSIe5OIqWA9s3Me4sI25rj1niJcxJXocXld0OgJ5cDpAeUe5VUy7rMKA9FnrTJsSZ-3U737yBDy3uNzpAFQrQGwTjwvdG9mhL4DsIOmUOniCx7hdrZgfUELtDgwSiLpMTnC_prOEo:1tdkJG:-ZLBv8eOlEU7cVEZ_flfRonedbFE_0snc1NxF_BuSes",
      "expire_date": "2025-02-14T06:15:22.344Z"
    }
  },
  {
    "model": "sessions.session",
    "pk": "txd2hgsjb2w4ty27n1mwukupgbdwh0im",
    "fields": {
      "session_data": ".eJxVjDsOwjAQBe_iGll24l8o6XMGa3e9wQFkS3FSIe5OIqWA9s3Me4sI25rj1niJcxJXocXld0OgJ5cDpAeUe5VUy7rMKA9FnrTJsSZ-3U737yBDy3uNzpAFQrQGwTjwvdG9mhL4DsIOmUOniCx7hdrZgfUELtDgwSiLpMTnC_prOEo:1tfJTk:lBiSLC-H1zzi7g_52fj-JV4TMykLcRg2N2CCEXCl08Q",
      "expire_date": "2025-02-18T14:00:40.466Z"
    }
  },
  {
    "model": "sessions.session",
    "pk": "wivx4hdpr9m9r5jk2n67ryjbvhwd4jgn",
    "fields": {
      "session_data": ".eJxVjDsOwjAQBe_iGll24l8o6XMGa3e9wQFkS3FSIe5OIqWA9s3Me4sI25rj1niJcxJXocXld0OgJ5cDpAeUe5VUy7rMKA9FnrTJsSZ-3U737yBDy3uNzpAFQrQGwTjwvdG9mhL4DsIOmUOniCx7hdrZgfUELtDgwSiLpMTnC_prOEo:1tdWQi:0fUSzbtKcZzCOuzh0wtfL8ZJQyLsjdeCfoX_-E048DE",
      "expire_date": "2025-02-13T15:26:08.214Z"
    }
  },
  {
    "model": "sessions.session",
    "pk": "x4dhklul5vhvgqee2i2xdszc44q67ni7",
    "fields": {
      "session_data": ".eJxVjDsOwjAQBe_iGll24l8o6XMGa3e9wQFkS3FSIe5OIqWA9s3Me4sI25rj1niJcxJXocXld0OgJ5cDpAeUe5VUy7rMKA9FnrTJsSZ-3U737yBDy3uNzpAFQrQGwTjwvdG9mhL4DsIOmUOniCx7hdrZgfUELtDgwSiLpMTnC_prOEo:1tg36j:exwTDsEj5cssMn3bLYKNMNBOq4kXN6biGYb3ZrIbbFs",
      "expire_date": "2025-02-20T14:43:57.739Z"
    }
  },
  {
    "model": "token_blacklist.outstandingtoken",
    "pk": 1,
    "fields": {
      "user": 2,
      "jti": "b916a46f2e1d4bc7b008597bc4473401",
      "token": "eyJhbGciOiJIUzI1NiIsInR5cCI6IkpXVCJ9.eyJ0b2tlbl90eXBlIjoicmVmcmVzaCIsImV4cCI6MTc0MDg0ODU5MiwiaWF0IjoxNzM4MjU2NTkyLCJqdGkiOiJiOTE2YTQ2ZjJlMWQ0YmM3YjAwODU5N2JjNDQ3MzQwMSIsInVzZXJfaWQiOjJ9.NOoDy18_Pzg34ZvZ2CaVmDX91HVMERL1H5q0oZSRzyA",
      "created_at": "2025-01-30T17:03:12.539Z",
      "expires_at": "2025-03-01T17:03:12Z"
    }
  },
  {
    "model": "token_blacklist.outstandingtoken",
    "pk": 2,
    "fields": {
      "user": 2,
      "jti": "0b4fd384294a43f4a1fe0b20696418f3",
      "token": "eyJhbGciOiJIUzI1NiIsInR5cCI6IkpXVCJ9.eyJ0b2tlbl90eXBlIjoicmVmcmVzaCIsImV4cCI6MTc0MDg0OTY3NywiaWF0IjoxNzM4MjU3Njc3LCJqdGkiOiIwYjRmZDM4NDI5NGE0M2Y0YTFmZTBiMjA2OTY0MThmMyIsInVzZXJfaWQiOjJ9.OwmZlHZEjHTznwgmifQ5sXRArhARxHSqYRaR91xqN6E",
      "created_at": "2025-01-30T17:21:17.458Z",
      "expires_at": "2025-03-01T17:21:17Z"
    }
  },
  {
    "model": "token_blacklist.outstandingtoken",
    "pk": 3,
    "fields": {
      "user": 2,
      "jti": "a629576e29e4400c8fa66ed1a7dd5c9c",
      "token": "eyJhbGciOiJIUzI1NiIsInR5cCI6IkpXVCJ9.eyJ0b2tlbl90eXBlIjoicmVmcmVzaCIsImV4cCI6MTc0MDg0OTczMSwiaWF0IjoxNzM4MjU3NzMxLCJqdGkiOiJhNjI5NTc2ZTI5ZTQ0MDBjOGZhNjZlZDFhN2RkNWM5YyIsInVzZXJfaWQiOjJ9.o6yAkMdXdhpeYDgWaFoQT5P0UJh_q_nqcJnGPnqhbDc",
      "created_at": "2025-01-30T17:22:11.316Z",
      "expires_at": "2025-03-01T17:22:11Z"
    }
  },
  {
    "model": "token_blacklist.outstandingtoken",
    "pk": 4,
    "fields": {
      "user": 2,
      "jti": "195e657b720e47cd92b469bccc559b0c",
      "token": "eyJhbGciOiJIUzI1NiIsInR5cCI6IkpXVCJ9.eyJ0b2tlbl90eXBlIjoicmVmcmVzaCIsImV4cCI6MTc0MDg0OTkwNiwiaWF0IjoxNzM4MjU3OTA2LCJqdGkiOiIxOTVlNjU3YjcyMGU0N2NkOTJiNDY5YmNjYzU1OWIwYyIsInVzZXJfaWQiOjJ9.mmCCj-dWYQ29w65pQhkQB7eoAtO83OQUZQCtuC8OW6Y",
      "created_at": "2025-01-30T17:25:06.268Z",
      "expires_at": "2025-03-01T17:25:06Z"
    }
  },
  {
    "model": "token_blacklist.outstandingtoken",
    "pk": 5,
    "fields": {
      "user": 2,
      "jti": "0c1a59afa7214d8380e5abcbd382acc2",
      "token": "eyJhbGciOiJIUzI1NiIsInR5cCI6IkpXVCJ9.eyJ0b2tlbl90eXBlIjoicmVmcmVzaCIsImV4cCI6MTc0MDg1MDIzMSwiaWF0IjoxNzM4MjU4MjMxLCJqdGkiOiIwYzFhNTlhZmE3MjE0ZDgzODBlNWFiY2JkMzgyYWNjMiIsInVzZXJfaWQiOjJ9.nrYvo4um2HzIOyhnxfd3O9y9zQPRe4v6NBCYtD3LdK0",
      "created_at": "2025-01-30T17:30:31.185Z",
      "expires_at": "2025-03-01T17:30:31Z"
    }
  },
  {
    "model": "token_blacklist.outstandingtoken",
    "pk": 6,
    "fields": {
      "user": 2,
      "jti": "4685518e2914493ba7c94df04aee5b7a",
      "token": "eyJhbGciOiJIUzI1NiIsInR5cCI6IkpXVCJ9.eyJ0b2tlbl90eXBlIjoicmVmcmVzaCIsImV4cCI6MTc0MDg1MDI1NywiaWF0IjoxNzM4MjU4MjU3LCJqdGkiOiI0Njg1NTE4ZTI5MTQ0OTNiYTdjOTRkZjA0YWVlNWI3YSIsInVzZXJfaWQiOjJ9.Mh-sTZIU511UDYw_OmZA7M19_BiKkP0wTVmItKi3oiM",
      "created_at": "2025-01-30T17:30:57.502Z",
      "expires_at": "2025-03-01T17:30:57Z"
    }
  },
  {
    "model": "token_blacklist.outstandingtoken",
    "pk": 7,
    "fields": {
      "user": 2,
      "jti": "ca2135c849ce4874a107411b6312cb6e",
      "token": "eyJhbGciOiJIUzI1NiIsInR5cCI6IkpXVCJ9.eyJ0b2tlbl90eXBlIjoicmVmcmVzaCIsImV4cCI6MTc0MDg1MTQyOCwiaWF0IjoxNzM4MjU5NDI4LCJqdGkiOiJjYTIxMzVjODQ5Y2U0ODc0YTEwNzQxMWI2MzEyY2I2ZSIsInVzZXJfaWQiOjJ9.8lz1OzyLvfO0MumfonjVU_80Zk6NgjxHeHSf5kXCifw",
      "created_at": "2025-01-30T17:50:28.039Z",
      "expires_at": "2025-03-01T17:50:28Z"
    }
  },
  {
    "model": "token_blacklist.outstandingtoken",
    "pk": 8,
    "fields": {
      "user": 2,
      "jti": "6957bbcccf94473a92ec48873f57fdf6",
      "token": "eyJhbGciOiJIUzI1NiIsInR5cCI6IkpXVCJ9.eyJ0b2tlbl90eXBlIjoicmVmcmVzaCIsImV4cCI6MTc0MDg1MTQ5NywiaWF0IjoxNzM4MjU5NDk3LCJqdGkiOiI2OTU3YmJjY2NmOTQ0NzNhOTJlYzQ4ODczZjU3ZmRmNiIsInVzZXJfaWQiOjJ9.syX8jRji2MtRNbhWheniqvF6rzV3BWYv6lg5xHqrIUI",
      "created_at": "2025-01-30T17:51:37.662Z",
      "expires_at": "2025-03-01T17:51:37Z"
    }
  },
  {
    "model": "token_blacklist.outstandingtoken",
    "pk": 9,
    "fields": {
      "user": null,
      "jti": "03b78fdd458d4cb9ae6f2f4a70cf97b9",
      "token": "eyJhbGciOiJIUzI1NiIsInR5cCI6IkpXVCJ9.eyJ0b2tlbl90eXBlIjoicmVmcmVzaCIsImV4cCI6MTczODkwOTE0MywiaWF0IjoxNzM4MzA0MzQzLCJqdGkiOiIwM2I3OGZkZDQ1OGQ0Y2I5YWU2ZjJmNGE3MGNmOTdiOSIsInVzZXJfaWQiOjN9.YR-nbcj_uR74RQs2lh-SyHV8qi1WMrkJ-gcHUJSYM0A",
      "created_at": "2025-01-31T06:19:03.089Z",
      "expires_at": "2025-02-07T06:19:03Z"
    }
  },
  {
    "model": "token_blacklist.outstandingtoken",
    "pk": 10,
    "fields": {
      "user": null,
      "jti": "0729f6670ec44030a3ebe65d6bdbac0b",
      "token": "eyJhbGciOiJIUzI1NiIsInR5cCI6IkpXVCJ9.eyJ0b2tlbl90eXBlIjoicmVmcmVzaCIsImV4cCI6MTczODkxMDQzNiwiaWF0IjoxNzM4MzA1NjM2LCJqdGkiOiIwNzI5ZjY2NzBlYzQ0MDMwYTNlYmU2NWQ2YmRiYWMwYiIsInVzZXJfaWQiOjR9.o6SeSSdFym9acD4QVkj6Wm_vdUDy8ApAoLnngCLDT7o",
      "created_at": "2025-01-31T06:40:36.593Z",
      "expires_at": "2025-02-07T06:40:36Z"
    }
  },
  {
    "model": "token_blacklist.outstandingtoken",
    "pk": 11,
    "fields": {
      "user": null,
      "jti": "6869c638d77a4784b891b2f8921cde24",
      "token": "eyJhbGciOiJIUzI1NiIsInR5cCI6IkpXVCJ9.eyJ0b2tlbl90eXBlIjoicmVmcmVzaCIsImV4cCI6MTczODkxMTMxNywiaWF0IjoxNzM4MzA2NTE3LCJqdGkiOiI2ODY5YzYzOGQ3N2E0Nzg0Yjg5MWIyZjg5MjFjZGUyNCIsInVzZXJfaWQiOjV9.KIFHIVjD4XXyfLoVzO738Zjgkk_2DyIQXP0xT5x0zCU",
      "created_at": "2025-01-31T06:55:17.482Z",
      "expires_at": "2025-02-07T06:55:17Z"
    }
  },
  {
    "model": "token_blacklist.outstandingtoken",
    "pk": 12,
    "fields": {
      "user": null,
      "jti": "1ef2accf7a6e4073be9cca7b68facd8c",
      "token": "eyJhbGciOiJIUzI1NiIsInR5cCI6IkpXVCJ9.eyJ0b2tlbl90eXBlIjoicmVmcmVzaCIsImV4cCI6MTczODkxMTM0MywiaWF0IjoxNzM4MzA2NTQzLCJqdGkiOiIxZWYyYWNjZjdhNmU0MDczYmU5Y2NhN2I2OGZhY2Q4YyIsInVzZXJfaWQiOjV9.m7KVtT0cHlScYESi-nuLjU26WQXkz4Mv59wdpLuJvT0",
      "created_at": "2025-01-31T06:55:43.476Z",
      "expires_at": "2025-02-07T06:55:43Z"
    }
  },
  {
    "model": "token_blacklist.outstandingtoken",
    "pk": 13,
    "fields": {
      "user": null,
      "jti": "3926cdf4b54a45d2b777561442ba1566",
      "token": "eyJhbGciOiJIUzI1NiIsInR5cCI6IkpXVCJ9.eyJ0b2tlbl90eXBlIjoicmVmcmVzaCIsImV4cCI6MTczODkxNzAzNCwiaWF0IjoxNzM4MzEyMjM0LCJqdGkiOiIzOTI2Y2RmNGI1NGE0NWQyYjc3NzU2MTQ0MmJhMTU2NiIsInVzZXJfaWQiOjV9.Uvk6jG9N9iZQW0d9kV8O_nExz3HjilgzukmJ8E5e7Xc",
      "created_at": "2025-01-31T08:30:34.278Z",
      "expires_at": "2025-02-07T08:30:34Z"
    }
  },
  {
    "model": "token_blacklist.outstandingtoken",
    "pk": 14,
    "fields": {
      "user": null,
      "jti": "fb5f1215d7b543fc99597e159af6dde5",
      "token": "eyJhbGciOiJIUzI1NiIsInR5cCI6IkpXVCJ9.eyJ0b2tlbl90eXBlIjoicmVmcmVzaCIsImV4cCI6MTczODkxNzI4OSwiaWF0IjoxNzM4MzEyNDg5LCJqdGkiOiJmYjVmMTIxNWQ3YjU0M2ZjOTk1OTdlMTU5YWY2ZGRlNSIsInVzZXJfaWQiOjV9.rtQzqXZCs0Q31BLj-fQdNxXoFhl4un7FuSI7-qclFC0",
      "created_at": "2025-01-31T08:34:49.010Z",
      "expires_at": "2025-02-07T08:34:49Z"
    }
  },
  {
    "model": "token_blacklist.outstandingtoken",
    "pk": 15,
    "fields": {
      "user": null,
      "jti": "8bcb784d07d94186927b51a63dac8962",
      "token": "eyJhbGciOiJIUzI1NiIsInR5cCI6IkpXVCJ9.eyJ0b2tlbl90eXBlIjoicmVmcmVzaCIsImV4cCI6MTczODkxODIyNiwiaWF0IjoxNzM4MzEzNDI2LCJqdGkiOiI4YmNiNzg0ZDA3ZDk0MTg2OTI3YjUxYTYzZGFjODk2MiIsInVzZXJfaWQiOjZ9.HWDxCerISgGV-RID61z_-VHJlCuisuKxS4i1-WyIbmU",
      "created_at": "2025-01-31T08:50:26.671Z",
      "expires_at": "2025-02-07T08:50:26Z"
    }
  },
  {
    "model": "token_blacklist.outstandingtoken",
    "pk": 16,
    "fields": {
      "user": null,
      "jti": "79c41b767d2b441d834b3fe0f07a462d",
      "token": "eyJhbGciOiJIUzI1NiIsInR5cCI6IkpXVCJ9.eyJ0b2tlbl90eXBlIjoicmVmcmVzaCIsImV4cCI6MTczODkxODUzNywiaWF0IjoxNzM4MzEzNzM3LCJqdGkiOiI3OWM0MWI3NjdkMmI0NDFkODM0YjNmZTBmMDdhNDYyZCIsInVzZXJfaWQiOjZ9.DlNMsAZnh8BzN1bFRMBK9NnfaGW7izvdO2ZzE2te_II",
      "created_at": "2025-01-31T08:55:37.210Z",
      "expires_at": "2025-02-07T08:55:37Z"
    }
  },
  {
    "model": "token_blacklist.outstandingtoken",
    "pk": 17,
    "fields": {
      "user": 7,
      "jti": "fd7bcd436a414c1393db938842a7fea1",
      "token": "eyJhbGciOiJIUzI1NiIsInR5cCI6IkpXVCJ9.eyJ0b2tlbl90eXBlIjoicmVmcmVzaCIsImV4cCI6MTczODkxODkzMywiaWF0IjoxNzM4MzE0MTMzLCJqdGkiOiJmZDdiY2Q0MzZhNDE0YzEzOTNkYjkzODg0MmE3ZmVhMSIsInVzZXJfaWQiOjd9.3dE70AVwhFpOpjh24ZHHvTs3ZTkRDFDnDpUvezBx0HA",
      "created_at": "2025-01-31T09:02:13.262Z",
      "expires_at": "2025-02-07T09:02:13Z"
    }
  },
  {
    "model": "token_blacklist.outstandingtoken",
    "pk": 18,
    "fields": {
      "user": 7,
      "jti": "0ad0771617ea4dc9a258a52ec25f0148",
      "token": "eyJhbGciOiJIUzI1NiIsInR5cCI6IkpXVCJ9.eyJ0b2tlbl90eXBlIjoicmVmcmVzaCIsImV4cCI6MTczODkxODk1MCwiaWF0IjoxNzM4MzE0MTUwLCJqdGkiOiIwYWQwNzcxNjE3ZWE0ZGM5YTI1OGE1MmVjMjVmMDE0OCIsInVzZXJfaWQiOjd9.6eEJgh393mObhbuIDqelZyHj5cAzPLaainmgTeuihBo",
      "created_at": "2025-01-31T09:02:30.312Z",
      "expires_at": "2025-02-07T09:02:30Z"
    }
  },
  {
    "model": "token_blacklist.outstandingtoken",
    "pk": 19,
    "fields": {
      "user": 7,
      "jti": "2af886875c9c4695bf8ddcea0a08772f",
      "token": "eyJhbGciOiJIUzI1NiIsInR5cCI6IkpXVCJ9.eyJ0b2tlbl90eXBlIjoicmVmcmVzaCIsImV4cCI6MTczODkxOTIyNiwiaWF0IjoxNzM4MzE0NDI2LCJqdGkiOiIyYWY4ODY4NzVjOWM0Njk1YmY4ZGRjZWEwYTA4NzcyZiIsInVzZXJfaWQiOjd9.BNvh2kx5oj0j6nb7aETwklvKkGmgcMu-6neultMXZf0",
      "created_at": "2025-01-31T09:07:06.968Z",
      "expires_at": "2025-02-07T09:07:06Z"
    }
  },
  {
    "model": "token_blacklist.outstandingtoken",
    "pk": 20,
    "fields": {
      "user": 2,
      "jti": "39e639c83f6f4a6fa2fef1996a40fdcb",
      "token": "eyJhbGciOiJIUzI1NiIsInR5cCI6IkpXVCJ9.eyJ0b2tlbl90eXBlIjoicmVmcmVzaCIsImV4cCI6MTczODkzNTIyNiwiaWF0IjoxNzM4MzMwNDI2LCJqdGkiOiIzOWU2MzljODNmNmY0YTZmYTJmZWYxOTk2YTQwZmRjYiIsInVzZXJfaWQiOjJ9.uuu9-AE5I8XN7ZEB4ZGSoDFg1FhKtP07DboUbqGkNlM",
      "created_at": "2025-01-31T13:33:46.379Z",
      "expires_at": "2025-02-07T13:33:46Z"
    }
  },
  {
    "model": "token_blacklist.outstandingtoken",
    "pk": 21,
    "fields": {
      "user": 2,
      "jti": "bb47789bebb34242a8d110313fca5701",
      "token": "eyJhbGciOiJIUzI1NiIsInR5cCI6IkpXVCJ9.eyJ0b2tlbl90eXBlIjoicmVmcmVzaCIsImV4cCI6MTczOTI3OTkyMywiaWF0IjoxNzM4Njc1MTIzLCJqdGkiOiJiYjQ3Nzg5YmViYjM0MjQyYThkMTEwMzEzZmNhNTcwMSIsInVzZXJfaWQiOjJ9.XHFgGWbWjNZOkKJ9xLMzYzl_JEKiTm1l6ohi4roo0IE",
      "created_at": "2025-02-04T13:18:43.088Z",
      "expires_at": "2025-02-11T13:18:43Z"
    }
  },
  {
    "model": "token_blacklist.outstandingtoken",
    "pk": 22,
    "fields": {
      "user": 2,
      "jti": "999c356a021b4279a68adf98a5f35dd6",
      "token": "eyJhbGciOiJIUzI1NiIsInR5cCI6IkpXVCJ9.eyJ0b2tlbl90eXBlIjoicmVmcmVzaCIsImV4cCI6MTczOTI4Mjk0MSwiaWF0IjoxNzM4Njc4MTQxLCJqdGkiOiI5OTljMzU2YTAyMWI0Mjc5YTY4YWRmOThhNWYzNWRkNiIsInVzZXJfaWQiOjJ9.WJNnt0HHzA5_53a_6tkmaZ_HIwabhSOfnXBqlJ19j4U",
      "created_at": "2025-02-04T14:09:01.225Z",
      "expires_at": "2025-02-11T14:09:01Z"
    }
  },
  {
    "model": "token_blacklist.blacklistedtoken",
    "pk": 1,
    "fields": { "token": 12, "blacklisted_at": "2025-01-31T06:57:16.049Z" }
  },
  {
    "model": "token_blacklist.blacklistedtoken",
    "pk": 2,
    "fields": { "token": 14, "blacklisted_at": "2025-01-31T08:37:02.097Z" }
  },
  {
    "model": "token_blacklist.blacklistedtoken",
    "pk": 3,
    "fields": { "token": 16, "blacklisted_at": "2025-01-31T08:59:09.149Z" }
  },
  {
    "model": "token_blacklist.blacklistedtoken",
    "pk": 4,
    "fields": { "token": 19, "blacklisted_at": "2025-01-31T09:08:01.007Z" }
  },
  {
    "model": "doctor.specialization",
    "pk": 1,
    "fields": {
      "name": "Allergy and immunology",
      "slug": "allergy-and-immunology"
    }
  },
  {
    "model": "doctor.specialization",
    "pk": 2,
    "fields": { "name": "Dermatology", "slug": "dermatology" }
  },
  {
    "model": "doctor.specialization",
    "pk": 3,
    "fields": { "name": "Anesthesiology", "slug": "anesthesiology" }
  },
  {
    "model": "doctor.specialization",
    "pk": 4,
    "fields": { "name": "Neurology", "slug": "neurology" }
  },
  {
    "model": "doctor.specialization",
    "pk": 5,
    "fields": { "name": "Pathology", "slug": "pathology" }
  },
  {
    "model": "doctor.specialization",
    "pk": 6,
    "fields": { "name": "Pediatrics", "slug": "pediatrics" }
  },
  {
    "model": "doctor.specialization",
    "pk": 7,
    "fields": { "name": "Psychiatry", "slug": "psychiatry" }
  },
  {
    "model": "doctor.specialization",
    "pk": 8,
    "fields": { "name": "Surgery", "slug": "surgery" }
  },
  {
    "model": "doctor.specialization",
    "pk": 9,
    "fields": { "name": "Medical genetics", "slug": "medical-genetics" }
  },
  {
    "model": "doctor.specialization",
    "pk": 10,
    "fields": { "name": "Diagnostic radiology", "slug": "diagnostic-radiology" }
  },
  {
    "model": "doctor.specialization",
    "pk": 11,
    "fields": { "name": "Gastritis Treatment", "slug": "gastritis-treatment" }
  },
  {
    "model": "doctor.specialization",
    "pk": 12,
    "fields": { "name": "Acidity Treatment", "slug": "acidity-treatment" }
  },
  {
    "model": "doctor.designation",
    "pk": 1,
    "fields": { "name": "Allergists", "slug": "allergists" }
  },
  {
    "model": "doctor.designation",
    "pk": 2,
    "fields": { "name": "Anesthesiologists", "slug": "anesthesiologists" }
  },
  {
    "model": "doctor.designation",
    "pk": 3,
    "fields": { "name": "Cardiologists", "slug": "cardiologists" }
  },
  {
    "model": "doctor.designation",
    "pk": 4,
    "fields": { "name": "Dermatologists", "slug": "dermatologists" }
  },
  {
    "model": "doctor.designation",
    "pk": 5,
    "fields": { "name": "Endocrinologists", "slug": "endocrinologists" }
  },
  {
    "model": "doctor.designation",
    "pk": 6,
    "fields": {
      "name": "Emergency Medicine Specialists",
      "slug": "emergency-medicine-specialists"
    }
  },
  {
    "model": "doctor.designation",
    "pk": 7,
    "fields": { "name": "Gastroenterologists", "slug": "gastroenterologists" }
  },
  {
    "model": "doctor.designation",
    "pk": 8,
    "fields": { "name": "Hematologists", "slug": "hematologists" }
  },
  {
    "model": "doctor.designation",
    "pk": 9,
    "fields": { "name": "Nephrologists", "slug": "nephrologists" }
  },
  {
    "model": "doctor.designation",
    "pk": 10,
    "fields": { "name": "Neurologists", "slug": "neurologists" }
  },
  {
    "model": "doctor.designation",
    "pk": 11,
    "fields": { "name": "Oncologists", "slug": "oncologists" }
  },
  {
    "model": "doctor.designation",
    "pk": 12,
    "fields": { "name": "Pathologists", "slug": "pathologists" }
  },
  {
    "model": "doctor.designation",
    "pk": 13,
    "fields": { "name": "Physiatrists", "slug": "physiatrists" }
  },
  {
    "model": "doctor.designation",
    "pk": 14,
    "fields": { "name": "Plastic Surgeons", "slug": "plastic-surgeons" }
  },
  {
    "model": "doctor.availabletime",
    "pk": 1,
    "fields": { "name": "Monday 08:00 AM - 10:00 AM" }
  },
  {
    "model": "doctor.availabletime",
    "pk": 2,
    "fields": { "name": "Monday 10:00 AM - 12:00 PM" }
  },
  {
    "model": "doctor.availabletime",
    "pk": 3,
    "fields": { "name": "Monday 12:00 PM - 02:00 PM" }
  },
  {
    "model": "doctor.availabletime",
    "pk": 4,
    "fields": { "name": "Monday 02:00 PM - 04:00 PM" }
  },
  {
    "model": "doctor.availabletime",
    "pk": 5,
    "fields": { "name": "Tuesday 08:00 AM - 10:00 AM" }
  },
  {
    "model": "doctor.availabletime",
    "pk": 6,
    "fields": { "name": "Tuesday 10:00 AM - 12:00 PM" }
  },
  {
    "model": "doctor.availabletime",
    "pk": 7,
    "fields": { "name": "Tuesday 12:00 PM - 02:00 PM" }
  },
  {
    "model": "doctor.availabletime",
    "pk": 8,
    "fields": { "name": "Tuesday 02:00 PM - 04:00 PM" }
  },
  {
    "model": "doctor.availabletime",
    "pk": 9,
    "fields": { "name": "Wednesday 08:00 AM - 10:00 AM" }
  },
  {
    "model": "doctor.availabletime",
    "pk": 10,
    "fields": { "name": "Wednesday 10:00 AM - 12:00 PM" }
  },
  {
    "model": "doctor.availabletime",
    "pk": 11,
    "fields": { "name": "Wednesday 12:00 PM - 02:00 PM" }
  },
  {
    "model": "doctor.availabletime",
    "pk": 12,
    "fields": { "name": "Thursday 08:00 AM - 10:00 AM" }
  },
  {
    "model": "doctor.availabletime",
    "pk": 13,
    "fields": { "name": "Thursday 10:00 AM - 12:00 PM" }
  },
  {
    "model": "doctor.availabletime",
    "pk": 14,
    "fields": { "name": "Thursday 12:00 PM - 02:00 PM" }
  },
  {
    "model": "doctor.availabletime",
    "pk": 15,
    "fields": { "name": "Friday 08:00 AM - 10:00 AM" }
  },
  {
    "model": "doctor.availabletime",
    "pk": 16,
    "fields": { "name": "Friday 10:00 AM - 12:00 PM" }
  },
  {
    "model": "doctor.availabletime",
    "pk": 17,
    "fields": { "name": "Saturday 08:00 AM - 10:00 AM" }
  },
  {
    "model": "doctor.availabletime",
    "pk": 18,
    "fields": { "name": "Saturday 10:00 AM - 12:00 PM" }
  },
  {
    "model": "doctor.availabletime",
    "pk": 19,
    "fields": { "name": "Saturday 12:00 PM - 02:00 PM" }
  },
  {
    "model": "doctor.availabletime",
    "pk": 20,
    "fields": { "name": "Sunday 08:00 AM - 10:00 AM" }
  },
  {
    "model": "doctor.availabletime",
    "pk": 21,
    "fields": { "name": "Sunday 10:00 AM - 12:00 PM" }
  },
  {
    "model": "doctor.availabletime",
    "pk": 22,
    "fields": { "name": "Sunday 12:00 PM - 02:00 PM" }
  },
  {
    "model": "doctor.doctor",
    "pk": 1,
    "fields": {
      "user": 2,
      "image": "doctor/images/jems.jpg",
      "fee": 20,
      "meet_link": "https://meet.google.com/rdk-iimx-jdt",
      "description": "I am Dr. Jems Bond, a board-certified internist with a passion for providing comprehensive care to adult patients. I graduated from Harvard Medical School in 2015 after earning my Bachelor of Science in Biology from Stanford University. My residency at Johns Hopkins Hospital allowed me to develop expertise in chronic disease management and preventive care. I am dedicated to patient-centered care and have been honored with the \"Compassionate Care Award\" for my commitment to my patients. I actively engage in research to improve health outcomes and have published articles in several medical journals. In my free time, I enjoy hiking, cooking, and volunteering in community health initiatives. I believe in the importance of holistic health and strive to empower my patients in their healthcare journeys.",
      "phone_number": "8801533580966",
      "designation": [11],
      "specialization": [2, 4, 5],
      "available_time": [1, 2, 3, 5, 6, 7, 9, 10, 12, 13, 17, 18, 19, 20]
    }
  },
  {
    "model": "doctor.doctor",
    "pk": 2,
    "fields": {
      "user": 14,
      "image": "doctor/images/amber.jpg",
      "fee": 18,
      "meet_link": "https://meet.google.com/rdk-iimx-jdt",
      "description": "I am Dr. Amber, a board-certified internist with a passion for providing comprehensive care to adult patients. I graduated from Harvard Medical School in 2015 after earning my Bachelor of Science in Biology from Stanford University. My residency at Johns Hopkins Hospital allowed me to develop expertise in chronic disease management and preventive care. I am dedicated to patient-centered care and have been honored with the \"Compassionate Care Award\" for my commitment to my patients. I actively engage in research to improve health outcomes and have published articles in several medical journals. In my free time, I enjoy hiking, cooking, and volunteering in community health initiatives. I believe in the importance of holistic health and strive to empower my patients in their healthcare journeys.",
      "phone_number": "8801700011122",
      "designation": [1],
      "specialization": [1, 4],
      "available_time": [1, 2, 5, 6, 9, 10, 17, 18, 21, 22]
    }
  },
  {
    "model": "doctor.doctor",
    "pk": 3,
    "fields": {
      "user": 15,
      "image": "doctor/images/antomi.jpg",
      "fee": 18,
      "meet_link": "https://meet.google.com/rdk-iimx-jdt",
      "description": "I am Dr. Antomi, a board-certified internist with a passion for providing comprehensive care to adult patients. I graduated from Harvard Medical School in 2015 after earning my Bachelor of Science in Biology from Stanford University. My residency at Johns Hopkins Hospital allowed me to develop expertise in chronic disease management and preventive care. I am dedicated to patient-centered care and have been honored with the \"Compassionate Care Award\" for my commitment to my patients. I actively engage in research to improve health outcomes and have published articles in several medical journals. In my free time, I enjoy hiking, cooking, and volunteering in community health initiatives. I believe in the importance of holistic health and strive to empower my patients in their healthcare journeys.",
      "phone_number": "8801533580967",
      "designation": [6],
      "specialization": [7, 8, 9],
      "available_time": [1, 2, 3, 4, 5, 6, 9, 10, 11, 15, 16, 17, 18, 21, 22]
    }
  },
  {
    "model": "doctor.doctor",
    "pk": 4,
    "fields": {
      "user": 12,
      "image": "doctor/images/jecika.jpg",
      "fee": 15,
      "meet_link": "https://meet.google.com/rdk-iimx-jdt",
      "description": "I am Dr. Jecika, a board-certified internist with a passion for providing comprehensive care to adult patients. I graduated from Harvard Medical School in 2015 after earning my Bachelor of Science in Biology from Stanford University. My residency at Johns Hopkins Hospital allowed me to develop expertise in chronic disease management and preventive care. I am dedicated to patient-centered care and have been honored with the \"Compassionate Care Award\" for my commitment to my patients. I actively engage in research to improve health outcomes and have published articles in several medical journals. In my free time, I enjoy hiking, cooking, and volunteering in community health initiatives. I believe in the importance of holistic health and strive to empower my patients in their healthcare journeys.",
      "phone_number": "8801533580925",
      "designation": [10],
      "specialization": [4, 7, 8, 9],
      "available_time": [1, 2, 5, 6, 9, 10, 17, 18, 20, 21]
    }
  },
  {
    "model": "doctor.doctor",
    "pk": 5,
    "fields": {
      "user": 13,
      "image": "doctor/images/duke.jpg",
      "fee": 18,
      "meet_link": "https://meet.google.com/rdk-iimx-jdt",
      "description": "I am Dr. Duke, a board-certified internist with a passion for providing comprehensive care to adult patients. I graduated from Harvard Medical School in 2015 after earning my Bachelor of Science in Biology from Stanford University. My residency at Johns Hopkins Hospital allowed me to develop expertise in chronic disease management and preventive care. I am dedicated to patient-centered care and have been honored with the \"Compassionate Care Award\" for my commitment to my patients. I actively engage in research to improve health outcomes and have published articles in several medical journals. In my free time, I enjoy hiking, cooking, and volunteering in community health initiatives. I believe in the importance of holistic health and strive to empower my patients in their healthcare journeys.",
      "phone_number": "880153358041",
      "designation": [9],
      "specialization": [3, 4, 5],
      "available_time": [1, 2, 3, 4, 17, 18, 19, 20, 21, 22]
    }
  },
  {
    "model": "doctor.doctor",
    "pk": 6,
    "fields": {
      "user": 16,
      "image": "doctor/images/lima.jpg",
      "fee": 20,
      "meet_link": "https://meet.google.com/rdk-iimx-jdt",
      "description": "I am Dr. Lima, a board-certified internist with a passion for providing comprehensive care to adult patients. I graduated from Harvard Medical School in 2015 after earning my Bachelor of Science in Biology from Stanford University. My residency at Johns Hopkins Hospital allowed me to develop expertise in chronic disease management and preventive care. I am dedicated to patient-centered care and have been honored with the \"Compassionate Care Award\" for my commitment to my patients. I actively engage in research to improve health outcomes and have published articles in several medical journals. In my free time, I enjoy hiking, cooking, and volunteering in community health initiatives. I believe in the importance of holistic health and strive to empower my patients in their healthcare journeys.",
      "phone_number": "8801533584766",
      "designation": [4],
      "specialization": [2, 3, 8, 9],
      "available_time": [1, 2, 3, 4, 5, 6, 7, 8, 17, 18, 19, 20, 21, 22]
    }
  },
  {
    "model": "doctor.doctor",
    "pk": 7,
    "fields": {
      "user": 8,
      "image": "doctor/images/mic.jpg",
      "fee": 18,
      "meet_link": "https://meet.google.com/rdk-iimx-jdt",
      "description": "I am Dr. Mic, a board-certified internist with a passion for providing comprehensive care to adult patients. I graduated from Harvard Medical School in 2015 after earning my Bachelor of Science in Biology from Stanford University. My residency at Johns Hopkins Hospital allowed me to develop expertise in chronic disease management and preventive care. I am dedicated to patient-centered care and have been honored with the \"Compassionate Care Award\" for my commitment to my patients. I actively engage in research to improve health outcomes and have published articles in several medical journals. In my free time, I enjoy hiking, cooking, and volunteering in community health initiatives. I believe in the importance of holistic health and strive to empower my patients in their healthcare journeys.",
      "phone_number": "8801533580425",
      "designation": [10],
      "specialization": [3, 4, 8],
      "available_time": [1, 2, 5, 6, 7, 10, 12, 13, 17, 18, 21, 22]
    }
  },
  {
    "model": "doctor.doctor",
    "pk": 8,
    "fields": {
      "user": 11,
      "image": "doctor/images/pinaki.jpg",
      "fee": 20,
      "meet_link": "https://meet.google.com/rdk-iimx-jdt",
      "description": "I am Dr. Pinaki, a board-certified internist with a passion for providing comprehensive care to adult patients. I graduated from Harvard Medical School in 2015 after earning my Bachelor of Science in Biology from Stanford University. My residency at Johns Hopkins Hospital allowed me to develop expertise in chronic disease management and preventive care. I am dedicated to patient-centered care and have been honored with the \"Compassionate Care Award\" for my commitment to my patients. I actively engage in research to improve health outcomes and have published articles in several medical journals. In my free time, I enjoy hiking, cooking, and volunteering in community health initiatives. I believe in the importance of holistic health and strive to empower my patients in their healthcare journeys.",
      "phone_number": "8801533580941",
      "designation": [11],
      "specialization": [2, 3],
      "available_time": [1, 2, 3, 9, 10, 13, 14, 17, 18, 21, 22]
    }
  },
  {
    "model": "doctor.doctor",
    "pk": 9,
    "fields": {
      "user": 9,
      "image": "doctor/images/selena.jpg",
      "fee": 20,
      "meet_link": "https://meet.google.com/rdk-iimx-jdt",
      "description": "I am Dr. Selena, a board-certified internist with a passion for providing comprehensive care to adult patients. I graduated from Harvard Medical School in 2015 after earning my Bachelor of Science in Biology from Stanford University. My residency at Johns Hopkins Hospital allowed me to develop expertise in chronic disease management and preventive care. I am dedicated to patient-centered care and have been honored with the \"Compassionate Care Award\" for my commitment to my patients. I actively engage in research to improve health outcomes and have published articles in several medical journals. In my free time, I enjoy hiking, cooking, and volunteering in community health initiatives. I believe in the importance of holistic health and strive to empower my patients in their healthcare journeys.",
      "phone_number": "8801733580966",
      "designation": [13],
      "specialization": [4, 5, 7],
      "available_time": [1, 2, 5, 6, 10, 11, 15, 17, 18, 21, 22]
    }
  },
  {
    "model": "doctor.doctor",
    "pk": 10,
    "fields": {
      "user": 10,
      "image": "doctor/images/tumpa.jpg",
      "fee": 20,
      "meet_link": "https://meet.google.com/rdk-iimx-jdt",
      "description": "I am Dr. Tumpa, a board-certified internist with a passion for providing comprehensive care to adult patients. I graduated from Harvard Medical School in 2015 after earning my Bachelor of Science in Biology from Stanford University. My residency at Johns Hopkins Hospital allowed me to develop expertise in chronic disease management and preventive care. I am dedicated to patient-centered care and have been honored with the \"Compassionate Care Award\" for my commitment to my patients. I actively engage in research to improve health outcomes and have published articles in several medical journals. In my free time, I enjoy hiking, cooking, and volunteering in community health initiatives. I believe in the importance of holistic health and strive to empower my patients in their healthcare journeys.",
      "phone_number": "8801843580966",
      "designation": [7],
      "specialization": [11, 12],
      "available_time": [1, 2, 3, 9, 10, 11, 17, 18, 19]
    }
  },
  {
    "model": "patient.patient",
    "pk": 5,
    "fields": { "user": 7, "image": "", "mobile_no": "01533580966" }
  }
]
